INSERT INTO rbac.user (id, username, password) VALUES (1, 'user1', 'a');
INSERT INTO rbac.user (id, username, password) VALUES (2, 'user2', 'a');
INSERT INTO rbac.user (id, username, password) VALUES (3, 'user3', 'a');

INSERT INTO rbac.role (id, name) VALUES (1, '角色1');
INSERT INTO rbac.role (id, name) VALUES (2, '角色2');
INSERT INTO rbac.role (id, name) VALUES (3, '角色3');
INSERT INTO rbac.role (id, name) VALUES (4, '角色4');
INSERT INTO rbac.role (id, name) VALUES (5, '角色5');
INSERT INTO rbac.role (id, name) VALUES (6, '角色6');
INSERT INTO rbac.role (id, name) VALUES (7, '角色7');
INSERT INTO rbac.role (id, name) VALUES (8, '角色8');
INSERT INTO rbac.role (id, name) VALUES (9, '角色9');
INSERT INTO rbac.role (id, name) VALUES (10, '角色10');

INSERT INTO rbac.permission (id, name) VALUES (1, '权限1');
INSERT INTO rbac.permission (id, name) VALUES (2, '权限2');
INSERT INTO rbac.permission (id, name) VALUES (3, '权限3');
INSERT INTO rbac.permission (id, name) VALUES (4, '权限4');
INSERT INTO rbac.permission (id, name) VALUES (5, '权限5');
INSERT INTO rbac.permission (id, name) VALUES (6, '权限6');
INSERT INTO rbac.permission (id, name) VALUES (7, '权限7');
INSERT INTO rbac.permission (id, name) VALUES (8, '权限8');
INSERT INTO rbac.permission (id, name) VALUES (9, '权限9');
INSERT INTO rbac.permission (id, name) VALUES (10, '权限10');

INSERT INTO rbac.user_role (id, user_id, role_id) VALUES (1, 1, 1);
INSERT INTO rbac.user_role (id, user_id, role_id) VALUES (2, 1, 2);
INSERT INTO rbac.user_role (id, user_id, role_id) VALUES (3, 1, 3);
INSERT INTO rbac.user_role (id, user_id, role_id) VALUES (4, 2, 4);
INSERT INTO rbac.user_role (id, user_id, role_id) VALUES (5, 2, 5);
INSERT INTO rbac.user_role (id, user_id, role_id) VALUES (6, 2, 6);
INSERT INTO rbac.user_role (id, user_id, role_id) VALUES (7, 3, 7);
INSERT INTO rbac.user_role (id, user_id, role_id) VALUES (8, 3, 8);
INSERT INTO rbac.user_role (id, user_id, role_id) VALUES (9, 3, 9);
INSERT INTO rbac.user_role (id, user_id, role_id) VALUES (10, 3, 10);

INSERT INTO rbac.role_permission (id, role_id, permission_id) VALUES (1, 1, 1);
INSERT INTO rbac.role_permission (id, role_id, permission_id) VALUES (2, 1, 2);
INSERT INTO rbac.role_permission (id, role_id, permission_id) VALUES (3, 1, 3);
INSERT INTO rbac.role_permission (id, role_id, permission_id) VALUES (4, 2, 4);
INSERT INTO rbac.role_permission (id, role_id, permission_id) VALUES (5, 2, 5);
INSERT INTO rbac.role_permission (id, role_id, permission_id) VALUES (6, 2, 6);
INSERT INTO rbac.role_permission (id, role_id, permission_id) VALUES (7, 3, 7);
INSERT INTO rbac.role_permission (id, role_id, permission_id) VALUES (8, 3, 8);
INSERT INTO rbac.role_permission (id, role_id, permission_id) VALUES (9, 3, 9);
INSERT INTO rbac.role_permission (id, role_id, permission_id) VALUES (10, 3, 10);
INSERT INTO rbac.role_permission (id, role_id, permission_id) VALUES (11, 4, 1);
INSERT INTO rbac.role_permission (id, role_id, permission_id) VALUES (12, 4, 2);
INSERT INTO rbac.role_permission (id, role_id, permission_id) VALUES (13, 4, 3);
INSERT INTO rbac.role_permission (id, role_id, permission_id) VALUES (14, 5, 4);
INSERT INTO rbac.role_permission (id, role_id, permission_id) VALUES (15, 5, 5);
INSERT INTO rbac.role_permission (id, role_id, permission_id) VALUES (16, 5, 6);
INSERT INTO rbac.role_permission (id, role_id, permission_id) VALUES (17, 6, 7);
INSERT INTO rbac.role_permission (id, role_id, permission_id) VALUES (18, 6, 8);
INSERT INTO rbac.role_permission (id, role_id, permission_id) VALUES (19, 6, 9);
INSERT INTO rbac.role_permission (id, role_id, permission_id) VALUES (20, 6, 10);
INSERT INTO rbac.role_permission (id, role_id, permission_id) VALUES (21, 7, 1);
INSERT INTO rbac.role_permission (id, role_id, permission_id) VALUES (22, 7, 2);
INSERT INTO rbac.role_permission (id, role_id, permission_id) VALUES (23, 7, 3);
INSERT INTO rbac.role_permission (id, role_id, permission_id) VALUES (24, 8, 4);
INSERT INTO rbac.role_permission (id, role_id, permission_id) VALUES (25, 8, 5);
INSERT INTO rbac.role_permission (id, role_id, permission_id) VALUES (26, 8, 6);
INSERT INTO rbac.role_permission (id, role_id, permission_id) VALUES (27, 9, 7);
INSERT INTO rbac.role_permission (id, role_id, permission_id) VALUES (28, 9, 8);
INSERT INTO rbac.role_permission (id, role_id, permission_id) VALUES (29, 9, 9);
INSERT INTO rbac.role_permission (id, role_id, permission_id) VALUES (30, 9, 10);
INSERT INTO rbac.role_permission (id, role_id, permission_id) VALUES (31, 10, 1);
INSERT INTO rbac.role_permission (id, role_id, permission_id) VALUES (32, 10, 2);
INSERT INTO rbac.role_permission (id, role_id, permission_id) VALUES (33, 10, 3);
INSERT INTO rbac.role_permission (id, role_id, permission_id) VALUES (34, 10, 4);
INSERT INTO rbac.role_permission (id, role_id, permission_id) VALUES (35, 10, 5);
INSERT INTO rbac.role_permission (id, role_id, permission_id) VALUES (36, 10, 6);
INSERT INTO rbac.role_permission (id, role_id, permission_id) VALUES (37, 10, 7);
INSERT INTO rbac.role_permission (id, role_id, permission_id) VALUES (38, 10, 8);
INSERT INTO rbac.role_permission (id, role_id, permission_id) VALUES (39, 10, 9);
INSERT INTO rbac.role_permission (id, role_id, permission_id) VALUES (40, 10, 10);